"Status","Start Time","Stop Time","Duration in ms","Parent Suite","Suite","Sub Suite","Test Class","Test Method","Name","Description"
"passed","Tue Dec 28 15:17:21 CST 2021","Tue Dec 28 15:17:21 CST 2021","130","test_case","test_login","TestLogin","","","test_login_by_password[0-71]",""
"passed","Tue Dec 28 15:17:05 CST 2021","Tue Dec 28 15:17:05 CST 2021","138","test_case","test_login","TestLogin","","","test_login_by_password[x-13]",""
"passed","Tue Dec 28 15:17:07 CST 2021","Tue Dec 28 15:17:07 CST 2021","160","test_case","test_login","TestLogin","","","test_login_by_password[l-3]",""
"passed","Tue Dec 28 15:17:06 CST 2021","Tue Dec 28 15:17:06 CST 2021","112","test_case","test_login","TestLogin","","","test_login_by_password[l-13]",""
"passed","Tue Dec 28 15:17:12 CST 2021","Tue Dec 28 15:17:12 CST 2021","106","test_case","test_login","TestLogin","","","test_login_by_password[90-70]",""
"passed","Tue Dec 28 15:17:07 CST 2021","Tue Dec 28 15:17:07 CST 2021","126","test_case","test_login","TestLogin","","","test_login_by_password[l-70]",""
"passed","Tue Dec 28 15:17:05 CST 2021","Tue Dec 28 15:17:05 CST 2021","168","test_case","test_login","TestLogin","","","test_login_by_password[x-3]",""
"passed","Tue Dec 28 15:17:08 CST 2021","Tue Dec 28 15:17:08 CST 2021","145","test_case","test_login","TestLogin","","","test_login_by_password[p-11]",""
"passed","Tue Dec 28 15:17:16 CST 2021","Tue Dec 28 15:17:16 CST 2021","121","test_case","test_login","TestLogin","","","test_login_by_password[11-80]",""
"passed","Tue Dec 28 15:17:20 CST 2021","Tue Dec 28 15:17:20 CST 2021","162","test_case","test_login","TestLogin","","","test_login_by_password[0-80]",""
"passed","Tue Dec 28 15:17:15 CST 2021","Tue Dec 28 15:17:15 CST 2021","133","test_case","test_login","TestLogin","","","test_login_by_password[6-12]",""
"passed","Tue Dec 28 15:17:12 CST 2021","Tue Dec 28 15:17:12 CST 2021","155","test_case","test_login","TestLogin","","","test_login_by_password[90-12]",""
"passed","Tue Dec 28 15:17:10 CST 2021","Tue Dec 28 15:17:10 CST 2021","157","test_case","test_login","TestLogin","","","test_login_by_password[10-13]",""
"passed","Tue Dec 28 15:17:13 CST 2021","Tue Dec 28 15:17:14 CST 2021","134","test_case","test_login","TestLogin","","","test_login_by_password[91-13]",""
"passed","Tue Dec 28 15:17:09 CST 2021","Tue Dec 28 15:17:09 CST 2021","174","test_case","test_login","TestLogin","","","test_login_by_password[10-10]",""
"passed","Tue Dec 28 15:17:06 CST 2021","Tue Dec 28 15:17:06 CST 2021","180","test_case","test_login","TestLogin","","","test_login_by_password[l-12]",""
"passed","Tue Dec 28 15:17:07 CST 2021","Tue Dec 28 15:17:07 CST 2021","145","test_case","test_login","TestLogin","","","test_login_by_password[p-10]",""
"passed","Tue Dec 28 15:17:22 CST 2021","Tue Dec 28 15:17:22 CST 2021","123","test_case","test_login","TestLogin","","","test_login_by_password[5-13]",""
"passed","Tue Dec 28 15:17:12 CST 2021","Tue Dec 28 15:17:12 CST 2021","142","test_case","test_login","TestLogin","","","test_login_by_password[90-13]",""
"passed","Tue Dec 28 15:17:22 CST 2021","Tue Dec 28 15:17:22 CST 2021","146","test_case","test_login","TestLogin","","","test_login_by_password[5-70]",""
"passed","Tue Dec 28 15:17:11 CST 2021","Tue Dec 28 15:17:11 CST 2021","143","test_case","test_login","TestLogin","","","test_login_by_password[10-71]",""
"passed","Tue Dec 28 15:17:09 CST 2021","Tue Dec 28 15:17:09 CST 2021","155","test_case","test_login","TestLogin","","","test_login_by_password[p-3]",""
"passed","Tue Dec 28 15:17:19 CST 2021","Tue Dec 28 15:17:19 CST 2021","130","test_case","test_login","TestLogin","","","test_login_by_password[12-81]",""
"passed","Tue Dec 28 15:17:15 CST 2021","Tue Dec 28 15:17:15 CST 2021","123","test_case","test_login","TestLogin","","","test_login_by_password[6-70]",""
"passed","Tue Dec 28 15:17:21 CST 2021","Tue Dec 28 15:17:21 CST 2021","131","test_case","test_login","TestLogin","","","test_login_by_password[5-20]",""
"passed","Tue Dec 28 15:17:14 CST 2021","Tue Dec 28 15:17:15 CST 2021","124","test_case","test_login","TestLogin","","","test_login_by_password[6-10]",""
"passed","Tue Dec 28 15:17:09 CST 2021","Tue Dec 28 15:17:10 CST 2021","153","test_case","test_login","TestLogin","","","test_login_by_password[10-11]",""
"passed","Tue Dec 28 15:17:08 CST 2021","Tue Dec 28 15:17:09 CST 2021","143","test_case","test_login","TestLogin","","","test_login_by_password[p-81]",""
"passed","Tue Dec 28 15:17:07 CST 2021","Tue Dec 28 15:17:07 CST 2021","120","test_case","test_login","TestLogin","","","test_login_by_password[l-81]",""
"passed","Tue Dec 28 15:17:16 CST 2021","Tue Dec 28 15:17:17 CST 2021","254","test_case","test_login","TestLogin","","","test_login_by_password[11-11]",""
"passed","Tue Dec 28 15:17:14 CST 2021","Tue Dec 28 15:17:14 CST 2021","115","test_case","test_login","TestLogin","","","test_login_by_password[91-3]",""
"passed","Tue Dec 28 15:17:23 CST 2021","Tue Dec 28 15:17:23 CST 2021","144","test_case","test_login","TestLogin","","","test_login_by_password[5-71]",""
"passed","Tue Dec 28 15:17:18 CST 2021","Tue Dec 28 15:17:18 CST 2021","126","test_case","test_login","TestLogin","","","test_login_by_password[11-71]",""
"passed","Tue Dec 28 15:17:14 CST 2021","Tue Dec 28 15:17:14 CST 2021","162","test_case","test_login","TestLogin","","","test_login_by_password[91-81]",""
"passed","Tue Dec 28 15:17:05 CST 2021","Tue Dec 28 15:17:05 CST 2021","100","test_case","test_login","TestLogin","","","test_login_by_password[x-81]",""
"passed","Tue Dec 28 15:17:19 CST 2021","Tue Dec 28 15:17:19 CST 2021","152","test_case","test_login","TestLogin","","","test_login_by_password[12-71]",""
"passed","Tue Dec 28 15:17:15 CST 2021","Tue Dec 28 15:17:15 CST 2021","139","test_case","test_login","TestLogin","","","test_login_by_password[6-80]",""
"passed","Tue Dec 28 15:17:13 CST 2021","Tue Dec 28 15:17:13 CST 2021","134","test_case","test_login","TestLogin","","","test_login_by_password[91-20]",""
"passed","Tue Dec 28 15:17:04 CST 2021","Tue Dec 28 15:17:04 CST 2021","132","test_case","test_login","TestLogin","","","test_login_by_password[x-11]",""
"passed","Tue Dec 28 15:17:16 CST 2021","Tue Dec 28 15:17:16 CST 2021","151","test_case","test_login","TestLogin","","","test_login_by_password[6-71]",""
"passed","Tue Dec 28 15:17:10 CST 2021","Tue Dec 28 15:17:11 CST 2021","147","test_case","test_login","TestLogin","","","test_login_by_password[10-3]",""
"passed","Tue Dec 28 15:17:07 CST 2021","Tue Dec 28 15:17:07 CST 2021","164","test_case","test_login","TestLogin","","","test_login_by_password[l-71]",""
"passed","Tue Dec 28 15:17:05 CST 2021","Tue Dec 28 15:17:05 CST 2021","125","test_case","test_login","TestLogin","","","test_login_by_password[x-70]",""
"passed","Tue Dec 28 15:17:07 CST 2021","Tue Dec 28 15:17:07 CST 2021","123","test_case","test_login","TestLogin","","","test_login_by_password[l-21]",""
"passed","Tue Dec 28 15:17:06 CST 2021","Tue Dec 28 15:17:06 CST 2021","236","test_case","test_login","TestLogin","","","test_login_by_password[l-20]",""
"passed","Tue Dec 28 15:17:16 CST 2021","Tue Dec 28 15:17:16 CST 2021","125","test_case","test_login","TestLogin","","","test_login_by_password[6-81]",""
"passed","Tue Dec 28 15:17:18 CST 2021","Tue Dec 28 15:17:18 CST 2021","143","test_case","test_login","TestLogin","","","test_login_by_password[12-10]",""
"passed","Tue Dec 28 15:17:18 CST 2021","Tue Dec 28 15:17:18 CST 2021","119","test_case","test_login","TestLogin","","","test_login_by_password[12-20]",""
"passed","Tue Dec 28 15:17:22 CST 2021","Tue Dec 28 15:17:22 CST 2021","135","test_case","test_login","TestLogin","","","test_login_by_password[5-21]",""
"passed","Tue Dec 28 15:17:10 CST 2021","Tue Dec 28 15:17:10 CST 2021","139","test_case","test_login","TestLogin","","","test_login_by_password[10-21]",""
"passed","Tue Dec 28 15:17:18 CST 2021","Tue Dec 28 15:17:18 CST 2021","146","test_case","test_login","TestLogin","","","test_login_by_password[11-3]",""
"passed","Tue Dec 28 15:17:09 CST 2021","Tue Dec 28 15:17:09 CST 2021","151","test_case","test_login","TestLogin","","","test_login_by_password[p-71]",""
"passed","Tue Dec 28 15:17:15 CST 2021","Tue Dec 28 15:17:15 CST 2021","132","test_case","test_login","TestLogin","","","test_login_by_password[6-13]",""
"passed","Tue Dec 28 15:17:10 CST 2021","Tue Dec 28 15:17:10 CST 2021","191","test_case","test_login","TestLogin","","","test_login_by_password[10-81]",""
"passed","Tue Dec 28 15:17:19 CST 2021","Tue Dec 28 15:17:20 CST 2021","125","test_case","test_login","TestLogin","","","test_login_by_password[0-10]",""
"passed","Tue Dec 28 15:17:12 CST 2021","Tue Dec 28 15:17:12 CST 2021","207","test_case","test_login","TestLogin","","","test_login_by_password[90-81]",""
"passed","Tue Dec 28 15:17:04 CST 2021","Tue Dec 28 15:17:04 CST 2021","127","test_case","test_login","TestLogin","","","test_login_by_password[x-20]",""
"passed","Tue Dec 28 15:17:19 CST 2021","Tue Dec 28 15:17:19 CST 2021","152","test_case","test_login","TestLogin","","","test_login_by_password[12-21]",""
"passed","Tue Dec 28 15:17:13 CST 2021","Tue Dec 28 15:17:13 CST 2021","114","test_case","test_login","TestLogin","","","test_login_by_password[91-80]",""
"passed","Tue Dec 28 15:17:06 CST 2021","Tue Dec 28 15:17:06 CST 2021","163","test_case","test_login","TestLogin","","","test_login_by_password[l-11]",""
"passed","Tue Dec 28 15:17:14 CST 2021","Tue Dec 28 15:17:14 CST 2021","161","test_case","test_login","TestLogin","","","test_login_by_password[91-71]",""
"passed","Tue Dec 28 15:17:21 CST 2021","Tue Dec 28 15:17:22 CST 2021","142","test_case","test_login","TestLogin","","","test_login_by_password[5-11]",""
"passed","Tue Dec 28 15:17:18 CST 2021","Tue Dec 28 15:17:18 CST 2021","127","test_case","test_login","TestLogin","","","test_login_by_password[12-12]",""
"passed","Tue Dec 28 15:17:20 CST 2021","Tue Dec 28 15:17:21 CST 2021","122","test_case","test_login","TestLogin","","","test_login_by_password[0-21]",""
"passed","Tue Dec 28 15:17:04 CST 2021","Tue Dec 28 15:17:04 CST 2021","201","test_case","test_login","TestLogin","","","test_login_by_password[x-10]",""
"passed","Tue Dec 28 15:17:11 CST 2021","Tue Dec 28 15:17:12 CST 2021","386","test_case","test_login","TestLogin","","","test_login_by_password[90-11]",""
"passed","Tue Dec 28 15:17:14 CST 2021","Tue Dec 28 15:17:14 CST 2021","148","test_case","test_login","TestLogin","","","test_login_by_password[91-21]",""
"passed","Tue Dec 28 15:17:17 CST 2021","Tue Dec 28 15:17:17 CST 2021","283","test_case","test_login","TestLogin","","","test_login_by_password[11-13]",""
"passed","Tue Dec 28 15:17:17 CST 2021","Tue Dec 28 15:17:17 CST 2021","155","test_case","test_login","TestLogin","","","test_login_by_password[11-12]",""
"passed","Tue Dec 28 15:17:11 CST 2021","Tue Dec 28 15:17:11 CST 2021","199","test_case","test_login","TestLogin","","","test_login_by_password[90-20]",""
"passed","Tue Dec 28 15:17:20 CST 2021","Tue Dec 28 15:17:20 CST 2021","135","test_case","test_login","TestLogin","","","test_login_by_password[0-11]",""
"passed","Tue Dec 28 15:17:08 CST 2021","Tue Dec 28 15:17:08 CST 2021","191","test_case","test_login","TestLogin","","","test_login_by_password[p-13]",""
"passed","Tue Dec 28 15:17:15 CST 2021","Tue Dec 28 15:17:16 CST 2021","130","test_case","test_login","TestLogin","","","test_login_by_password[6-21]",""
"passed","Tue Dec 28 15:17:21 CST 2021","Tue Dec 28 15:17:21 CST 2021","114","test_case","test_login","TestLogin","","","test_login_by_password[0-81]",""
"passed","Tue Dec 28 15:17:13 CST 2021","Tue Dec 28 15:17:13 CST 2021","192","test_case","test_login","TestLogin","","","test_login_by_password[91-10]",""
"passed","Tue Dec 28 15:17:08 CST 2021","Tue Dec 28 15:17:08 CST 2021","183","test_case","test_login","TestLogin","","","test_login_by_password[p-21]",""
"passed","Tue Dec 28 15:17:21 CST 2021","Tue Dec 28 15:17:21 CST 2021","235","test_case","test_login","TestLogin","","","test_login_by_password[5-10]",""
"passed","Tue Dec 28 15:17:20 CST 2021","Tue Dec 28 15:17:20 CST 2021","117","test_case","test_login","TestLogin","","","test_login_by_password[0-12]",""
"passed","Tue Dec 28 15:17:17 CST 2021","Tue Dec 28 15:17:18 CST 2021","156","test_case","test_login","TestLogin","","","test_login_by_password[11-81]",""
"passed","Tue Dec 28 15:17:08 CST 2021","Tue Dec 28 15:17:08 CST 2021","149","test_case","test_login","TestLogin","","","test_login_by_password[p-70]",""
"passed","Tue Dec 28 15:17:22 CST 2021","Tue Dec 28 15:17:22 CST 2021","145","test_case","test_login","TestLogin","","","test_login_by_password[5-12]",""
"passed","Tue Dec 28 15:17:18 CST 2021","Tue Dec 28 15:17:18 CST 2021","121","test_case","test_login","TestLogin","","","test_login_by_password[12-80]",""
"passed","Tue Dec 28 15:17:20 CST 2021","Tue Dec 28 15:17:20 CST 2021","120","test_case","test_login","TestLogin","","","test_login_by_password[0-13]",""
"passed","Tue Dec 28 15:17:06 CST 2021","Tue Dec 28 15:17:06 CST 2021","137","test_case","test_login","TestLogin","","","test_login_by_password[l-80]",""
"passed","Tue Dec 28 15:17:08 CST 2021","Tue Dec 28 15:17:08 CST 2021","129","test_case","test_login","TestLogin","","","test_login_by_password[p-20]",""
"passed","Tue Dec 28 15:17:15 CST 2021","Tue Dec 28 15:17:15 CST 2021","143","test_case","test_login","TestLogin","","","test_login_by_password[6-20]",""
"passed","Tue Dec 28 15:17:13 CST 2021","Tue Dec 28 15:17:13 CST 2021","147","test_case","test_login","TestLogin","","","test_login_by_password[91-11]",""
"passed","Tue Dec 28 15:17:22 CST 2021","Tue Dec 28 15:17:23 CST 2021","340","test_case","test_login","TestLogin","","","test_login_by_password[5-81]",""
"passed","Tue Dec 28 15:17:05 CST 2021","Tue Dec 28 15:17:05 CST 2021","141","test_case","test_login","TestLogin","","","test_login_by_password[x-21]",""
"passed","Tue Dec 28 15:17:08 CST 2021","Tue Dec 28 15:17:08 CST 2021","95","test_case","test_login","TestLogin","","","test_login_by_password[p-12]",""
"passed","Tue Dec 28 15:17:05 CST 2021","Tue Dec 28 15:17:05 CST 2021","130","test_case","test_login","TestLogin","","","test_login_by_password[x-71]",""
"passed","Tue Dec 28 15:17:12 CST 2021","Tue Dec 28 15:17:13 CST 2021","145","test_case","test_login","TestLogin","","","test_login_by_password[90-3]",""
"passed","Tue Dec 28 15:17:18 CST 2021","Tue Dec 28 15:17:18 CST 2021","142","test_case","test_login","TestLogin","","","test_login_by_password[12-11]",""
"passed","Tue Dec 28 15:17:21 CST 2021","Tue Dec 28 15:17:21 CST 2021","125","test_case","test_login","TestLogin","","","test_login_by_password[0-3]",""
"passed","Tue Dec 28 15:17:09 CST 2021","Tue Dec 28 15:17:09 CST 2021","170","test_case","test_login","TestLogin","","","test_login_by_password[10-20]",""
"passed","Tue Dec 28 15:17:16 CST 2021","Tue Dec 28 15:17:16 CST 2021","119","test_case","test_login","TestLogin","","","test_login_by_password[6-3]",""
"passed","Tue Dec 28 15:17:19 CST 2021","Tue Dec 28 15:17:19 CST 2021","149","test_case","test_login","TestLogin","","","test_login_by_password[12-13]",""
"passed","Tue Dec 28 15:17:19 CST 2021","Tue Dec 28 15:17:19 CST 2021","143","test_case","test_login","TestLogin","","","test_login_by_password[12-3]",""
"passed","Tue Dec 28 15:17:23 CST 2021","Tue Dec 28 15:17:23 CST 2021","134","test_case","test_login","TestLogin","","","test_login_by_password[5-3]",""
"passed","Tue Dec 28 15:17:11 CST 2021","Tue Dec 28 15:17:11 CST 2021","141","test_case","test_login","TestLogin","","","test_login_by_password[90-80]",""
"passed","Tue Dec 28 15:17:10 CST 2021","Tue Dec 28 15:17:10 CST 2021","160","test_case","test_login","TestLogin","","","test_login_by_password[10-70]",""
"passed","Tue Dec 28 15:17:17 CST 2021","Tue Dec 28 15:17:17 CST 2021","121","test_case","test_login","TestLogin","","","test_login_by_password[11-21]",""
"passed","Tue Dec 28 15:17:07 CST 2021","Tue Dec 28 15:17:08 CST 2021","172","test_case","test_login","TestLogin","","","test_login_by_password[p-80]",""
"passed","Tue Dec 28 15:17:16 CST 2021","Tue Dec 28 15:17:16 CST 2021","135","test_case","test_login","TestLogin","","","test_login_by_password[11-20]",""
"passed","Tue Dec 28 15:17:11 CST 2021","Tue Dec 28 15:17:11 CST 2021","182","test_case","test_login","TestLogin","","","test_login_by_password[90-10]",""
"passed","Tue Dec 28 15:17:05 CST 2021","Tue Dec 28 15:17:06 CST 2021","178","test_case","test_login","TestLogin","","","test_login_by_password[l-10]",""
"passed","Tue Dec 28 15:17:04 CST 2021","Tue Dec 28 15:17:04 CST 2021","152","test_case","test_login","TestLogin","","","test_login_by_password[x-80]",""
"passed","Tue Dec 28 15:17:17 CST 2021","Tue Dec 28 15:17:17 CST 2021","143","test_case","test_login","TestLogin","","","test_login_by_password[11-70]",""
"passed","Tue Dec 28 15:17:10 CST 2021","Tue Dec 28 15:17:10 CST 2021","137","test_case","test_login","TestLogin","","","test_login_by_password[10-12]",""
"passed","Tue Dec 28 15:17:12 CST 2021","Tue Dec 28 15:17:12 CST 2021","121","test_case","test_login","TestLogin","","","test_login_by_password[90-21]",""
"passed","Tue Dec 28 15:17:19 CST 2021","Tue Dec 28 15:17:19 CST 2021","158","test_case","test_login","TestLogin","","","test_login_by_password[12-70]",""
"passed","Tue Dec 28 15:17:16 CST 2021","Tue Dec 28 15:17:16 CST 2021","136","test_case","test_login","TestLogin","","","test_login_by_password[11-10]",""
"passed","Tue Dec 28 15:17:09 CST 2021","Tue Dec 28 15:17:09 CST 2021","149","test_case","test_login","TestLogin","","","test_login_by_password[10-80]",""
"passed","Tue Dec 28 15:17:13 CST 2021","Tue Dec 28 15:17:13 CST 2021","150","test_case","test_login","TestLogin","","","test_login_by_password[90-71]",""
"passed","Tue Dec 28 15:17:14 CST 2021","Tue Dec 28 15:17:14 CST 2021","243","test_case","test_login","TestLogin","","","test_login_by_password[91-70]",""
"passed","Tue Dec 28 15:17:15 CST 2021","Tue Dec 28 15:17:15 CST 2021","132","test_case","test_login","TestLogin","","","test_login_by_password[6-11]",""
"passed","Tue Dec 28 15:17:20 CST 2021","Tue Dec 28 15:17:20 CST 2021","146","test_case","test_login","TestLogin","","","test_login_by_password[0-20]",""
"passed","Tue Dec 28 15:17:13 CST 2021","Tue Dec 28 15:17:13 CST 2021","133","test_case","test_login","TestLogin","","","test_login_by_password[91-12]",""
"passed","Tue Dec 28 15:17:21 CST 2021","Tue Dec 28 15:17:21 CST 2021","147","test_case","test_login","TestLogin","","","test_login_by_password[5-80]",""
"passed","Tue Dec 28 15:17:05 CST 2021","Tue Dec 28 15:17:05 CST 2021","119","test_case","test_login","TestLogin","","","test_login_by_password[x-12]",""
"passed","Tue Dec 28 15:17:20 CST 2021","Tue Dec 28 15:17:20 CST 2021","126","test_case","test_login","TestLogin","","","test_login_by_password[0-70]",""
